comments,Boeing Starliner launches first crewed mission,https://www.bbc.co.uk/news/live/world-us-canada-69094213
471 comments,You'll regret using natural keys,https://blog.ploeh.dk/2024/06/03/youll-regret-using-natural-keys/
253 comments,"Fink, a Police Informer",https://blog.oup.com/2024/05/fink-a-police-informer/
244 comments,Vulkan1.3 on the M1 in one month,https://rosenzweig.io/blog/vk13-on-the-m1-in-1-month.html
230 comments,Israel reportedly used fake social accounts to garner support from US lawmakers,https://www.haaretz.com/israel-news/security-aviation/2024-06-05/ty-article-magazine/.premium/israel-secretly-targeted-american-lawmakers-with-gaza-war-influence-campaign/0000018f-e7c8-d11f-a5cf-e7cb62af0000
88 comments,History of the Paper Clip (2016),http://www.officemuseum.com/paper_clips.htm
76 comments,An animated introduction to Fourier series,https://www.andreinc.net/2024/04/24/from-the-circle-to-epicycles
73 comments,"The Long-Lost Tarzan Atari Game, Preserved",https://gamehistory.org/atari-2600-tarzan/
49 comments,Study shows banning false info traffickers online can improve public discourse,https://phys.org/news/2024-06-false-traffickers-online-discourse.html
39 comments,Managing my motivation as a solo dev,https://mbuffett.com/posts/maintaining-motivation/
